{"cameraMode":{"drawMode":0,"name":"Shaded","section":"Shading Mode"},"sceneLighting":false,"audioPlay":false,"sceneViewState":{"m_AlwaysRefresh":false,"showFog":true,"showSkybox":false,"showFlares":true,"showImageEffects":true,"showParticleSystems":true,"showVisualEffectGraphs":true,"m_FxEnabled":true},"in2DMode":false,"pivot":{"x":-0.2999999523162842,"y":1.1649999618530274,"z":0.8910000324249268},"rotation":{"x":-0.09260524809360504,"y":0.9064262509346008,"z":-0.2685166299343109,"w":-0.31260380148887637},"size":1.5379278659820557,"orthographic":false}