{"cameraMode":{"drawMode":0,"name":"Shaded","section":"Shading Mode"},"sceneLighting":false,"audioPlay":false,"sceneViewState":{"m_AlwaysRefresh":false,"showFog":true,"showSkybox":false,"showFlares":true,"showImageEffects":true,"showParticleSystems":true,"showVisualEffectGraphs":true,"m_FxEnabled":true},"in2DMode":false,"pivot":{"x":-0.018999993801116945,"y":0.07629114389419556,"z":0.3296663165092468},"rotation":{"x":0.16687659919261933,"y":0.6307820677757263,"z":-0.14138610661029817,"w":0.7445000410079956},"size":1.9238197803497315,"orthographic":false}