{"cameraMode":{"drawMode":0,"name":"Shaded","section":"Shading Mode"},"sceneLighting":true,"audioPlay":false,"sceneViewState":{"m_AlwaysRefresh":false,"showFog":true,"showSkybox":true,"showFlares":true,"showImageEffects":true,"showParticleSystems":true,"showVisualEffectGraphs":true,"m_FxEnabled":true},"in2DMode":false,"pivot":{"x":0.48000001907348635,"y":-0.5400000214576721,"z":0.7549999952316284},"rotation":{"x":-0.11952750384807587,"y":0.7987449169158936,"z":-0.16899552941322328,"w":-0.5649456977844238},"size":1.6997160911560059,"orthographic":false}