{"cameraMode":{"drawMode":0,"name":"Shaded","section":"Shading Mode"},"sceneLighting":true,"audioPlay":false,"sceneViewState":{"m_AlwaysRefresh":false,"showFog":true,"showSkybox":true,"showFlares":true,"showImageEffects":true,"showParticleSystems":true,"showVisualEffectGraphs":true,"m_FxEnabled":true},"in2DMode":false,"pivot":{"x":2.360999822616577,"y":0.0392911434173584,"z":0.004666328430175781},"rotation":{"x":-0.0037396245170384647,"y":0.9793996810913086,"z":-0.201085165143013,"w":-0.018221743404865266},"size":2.9082248210906984,"orthographic":false}