{"cameraMode":{"drawMode":0,"name":"Shaded","section":"Shading Mode"},"sceneLighting":true,"audioPlay":false,"sceneViewState":{"m_AlwaysRefresh":false,"showFog":true,"showSkybox":true,"showFlares":true,"showImageEffects":true,"showParticleSystems":true,"showVisualEffectGraphs":true,"m_FxEnabled":true},"in2DMode":false,"pivot":{"x":2.360999822616577,"y":0.0392911434173584,"z":0.004666328430175781},"rotation":{"x":-0.01232166588306427,"y":-0.9592383503913879,"z":0.2791600227355957,"w":-0.04231983795762062},"size":2.765249252319336,"orthographic":false}